Mixture,B cells naive,B cells memory,Plasma cells,T cells CD8,T cells CD4 naive,T cells CD4 memory resting,T cells CD4 memory activated,T cells follicular helper,T cells regulatory (Tregs),T cells gamma delta,NK cells resting,NK cells activated,Monocytes,Macrophages M0,Macrophages M1,Macrophages M2,Dendritic cells resting,Dendritic cells activated,Mast cells resting,Mast cells activated,Eosinophils,Neutrophils,P-value,Correlation,RMSE
GSM1379812,0.0390864341856402,0,0.135057809791238,0.311424849653981,0,0,0,0,0,0,0,0.101900538299775,0.101944592451929,0,0,0.236630302577313,0,0.0340347507548575,0.0399207222852658,0,0,0,0.612,0.0194987875635733,1.08906427654883
GSM1379813,0.124259741034446,0,0.0642563309815803,0.217929895818562,0,0,0,0,0.0800976085601647,0,0.0722713871187162,0.0454295141095956,0.165273551276416,0.00261764033678582,0.023596257679423,0.139402395571546,0,0,0.0648656775127646,0,0,0,0.971,-0.0401651220569773,1.10551468913522
GSM1379814,0.2013837858028,0,0.104990178006627,0.201348894921572,0,0.00938783337619207,0,0,0.113905342207901,0,0.0108021223126877,0.0947228480035519,0.108169654694772,0.0208473712768446,0.0153785185814357,0.0647481385088756,0,0,0.0543153123067405,0,0,0,0.928,-0.0262815360545137,1.1239239438795
GSM1379815,0.0901928996300315,0,0.0749982955799655,0.0429969239752868,0,0.0841939144564676,0.0079422732823621,0,0.00393343047957971,0,0.0291385922707628,0.000788493798027061,0.0072945923413798,0.265471538215252,0.0214458854224821,0.297136446592487,0,0,0.0518136666789345,0,0,0.0226530472769812,0,0.437529704537534,0.89961748003136
GSM1379816,0.14584009696695,0,0.0559986004697326,0.198075754443753,0,0,0,0,0.0966883725549948,0,0.0223844228715545,0.0432300299542999,0.175290878551288,0,0,0.165399196530581,0,0.0320195069229896,0.0650731407338569,0,0,0,0.994,-0.0557220179477006,1.10466742233937
GSM1379817,0.151616795338209,0,0.10783649974809,0.144857323726651,0,0.0475139306877986,0,0,0.0662706738431609,0,0.0524870386216809,0.0530544061145599,0.143229300196012,0.0357889915147241,0,0.13692576786755,0,0,0.0604192723415638,0,0,0,0.941,-0.0282113835774096,1.10290275456624
GSM1379818,0.145476659833474,0,0.0698226298937349,0.135729138366035,0,0,0,0,0.0849096166041398,0,0.0062992688504252,0.0539007940142114,0.189865380426189,0.0186940590779623,0,0.228259633144716,0,0,0.0670428197891123,0,0,0,0.651,0.014089636701748,1.07873316937664
GSM1379819,0.279642095714903,0,0.11159384831001,0.151287476534615,0,0.0523112520160461,0.00437878663468307,0,0.0219687160888253,0,0,0.075341749648452,0.0830202709285398,0,0.000316523170594973,0.145832053766696,0,0,0.0743072271866343,0,0,0,0.53,0.0299787891957004,1.10596203283465
GSM1379820,0,0,0.127193754560545,0.14299664300263,0,0.200402473660086,0,0,0,0,0,0.141110765807839,0.0967860873282375,0.0667320331513833,0,0.084710883468931,0,0.0417604499187126,0.0983069091016353,0,0,0,0.856,-0.0129523695651502,1.09721403289948
GSM1379821,0.0163428068090305,0,0.121715153907801,0.157853443976112,0,0.204725981945854,0,0,0,0,0.0471410459202812,0.127199423249876,0.0645809167247021,0.0210627030296773,0,0.15884088739115,0,0,0.0805376370455158,0,0,0,0.835,-0.0101757426304589,1.10715526239002
GSM1379822,0.237174734423266,0,0.079013509455708,0.201914488826456,0.00767366025153173,0,0,0,0.120886122247347,0,0.0415574633974607,0.0224434038833464,0.176120264011809,0.0127745372187979,0,0.0939350122950136,0,0.00501453638387889,0.00149226760538607,0,0,0,0.961,-0.0366750396431097,1.12811634527414
GSM1379823,0.206997472149251,0,0.0705725492874838,0.0884812831657004,0,0.100523138909743,0,0,0.0659223145235415,0,0.0572486119498392,0.0493387956521063,0.1086839401029,0.0152174387614565,0,0.124662477920697,0,0,0.112351977577282,0,0,0,0.953,-0.0327183164562617,1.10531441410263
GSM1379824,0.160972046356825,0,0.0979625832658709,0.0983695459924479,0,0.143702726822059,0,0,0,0,0.00793237032980249,0.0918090000396941,0.125913766342224,0.0017362227775634,0.0424874892180016,0.150344985948538,0,0,0.0787692629069737,0,0,0,0.404,0.045540675773284,1.07140388343813
GSM1379825,0.190098703372256,0,0.0703163086645193,0.212544341082041,0,0.034392398408653,0,0,0.0510929736983684,0,0,0.0751872462423594,0.10103789796109,0,0.0105581911930154,0.177354013353075,0,0.000247004836860071,0.0771709211877622,0,0,0,0.924,-0.0246064152199945,1.10481128803318
GSM1379826,0.259531528566064,0,0.0792087542803053,0.152786156383595,0,0.0871734456044032,0,0,0.0132008988714706,0,0.00200477987553406,0.0445384744060497,0.0905106468506309,0,0,0.15909351383107,0,0.0174411194852359,0.0945106818456414,0,0,0,0.274,0.0663179746985142,1.07413999618084
GSM1379827,0.111029412132082,0,0.124252257028132,0.0368960017542905,0,0.167989307126876,0,0,0,0,0.0240425102533326,0.127719928528905,0.120494141105326,0,0.0151012580179478,0.215920668706813,0,0,0.0564720786411906,0,8.24367051040056e-05,0,0.787,-0.003394086293169,1.09380775372794
GSM1379828,0,0,0.126236535574355,0.161841586991941,0,0.163178150351076,0,0.00986184077731636,0,0,0.0437526371921686,0.110168226502619,0.116295540302229,0.00916184735818204,0,0.162062537356251,0,0.0434609214597189,0.0539801761341432,0,0,0,0.936,-0.027540568203927,1.10404403806112
GSM1379829,0.174132079817619,0,0.067369150683328,0.222054490136442,0,0,0,0,0.072936809761944,0,0.0364578757933251,0.0246283405854811,0.116071386268387,0,0,0.187743032330867,0,0.0198011360960564,0.0788056985265509,0,0,0,0.896,-0.0188914462420097,1.09497953328051
GSM1379879,0.0840480646845368,0,0.10445144923781,0.0874015281209452,0,0.155132797205282,0,0,0,0,0.0135242042997014,0.0938703107801426,0.0913923217646818,0,0,0.181589446920372,0,0.0380717392946088,0.150518137691918,0,0,0,0.946,-0.0292992075813675,1.09012745858046
GSM1379916,0.066724106979696,0,0.0905570670211299,0.133138724128929,0,0.0396621098502902,0,0,0.0487488752224572,0,0.0656427155315285,0.0252188842156705,0.264056992926167,0.00587945364868535,0.00694297719778885,0.117977609130295,0,0.0093507672059439,0.126099716941419,0,0,0,0.931,-0.0268142313791036,1.08985993586606
GSM1379917,0.159225948221042,0,0.0836585701538142,0.0533676544672203,0,0.188932957537832,0,0,0,0,0.0860417854785444,0.0337281618342634,0.164314138475016,0.0261141442614565,0,0.112795874165833,0,0,0.0873310669077187,0,0.00448969849725944,0,0.895,-0.0187698269793861,1.09325643395243
GSM1379928,0.253556945110949,0,0.092328758334785,0.254407932294957,0,0.076413724204964,0.00568347700007386,0,0.0209978758242205,0,0.0144390014570016,0.0291752109796215,0.092034252947396,0,0,0.084805472896761,0,0.0092640662405156,0.0668932827087553,0,0,0,0.169,0.0875476356667968,1.07756293339485
GSM1379929,0.226076047478409,0,0.341466610040525,0.101571138264938,0,0.0647447991886664,0,0,0.0133082091595604,0,0.00601117862018732,0.0205319019565723,0.0652674042661982,0,0,0.0907458873015446,0,0.0140929701833062,0.0561838535400925,0,0,0,0.012,0.228944661557737,1.06037344662428
GSM1379930,0.0548642237123062,0,0.0778498685840021,0.0868005260896261,0,0.161656767449257,0,0,0,0,0.0260433341950049,0.102783480107412,0.100296168755638,0,0,0.238524901142476,0,0.00685018565894717,0.14343191291089,0,0.000898631394440963,0,0.642,0.016122814966228,1.07429331031403
GSM1379931,0.0224615966177204,0,0.113420790025103,0.205783076250092,0.00901248516040967,0.0856380107632072,0,0,0,0,0.0474716086829254,0.118430966505334,0.187772991712324,0.0512052424779309,0.0154800704850985,0.106463117023683,0,0,0.0348498475108144,0,0.00201019678535663,0,0.84,-0.0108060726472924,1.10462268929572
GSM1379932,0,0,0.129780162350503,0.106152432015956,0,0.248551627319716,0,0,0.0164196135283154,0,0.0701223020551568,0.101469520421742,0.0515579948507518,0,0,0.212323656194975,0,0.0504967463557279,0.00725875399176575,0,0.00586719091539022,0,0.911,-0.0224459969685748,1.1099810165146
GSM1379933,0.226345176253336,0,0.0855705903494742,0.103026909615404,0,0.107235953359145,0,0,0.00632502299485811,0,0.00403811918610994,0.0148804965865848,0.123174409367762,0,0,0.172950962394194,0,0.0145977551813233,0.0823115016770921,0,0,0.0595431030347163,0.136,0.0951232400925484,1.05495428429516
GSM1379934,0,0,0.148249337154378,0.0883991285635539,0,0.268615746409055,0,0,0,0,0.0131951259800439,0.144723215118648,0.105302215546631,0,0,0.173823749355356,0,0.00932368323725756,0.0483677986350776,0,0,0,0.872,-0.0153674922582395,1.10561795841316
GSM1379935,0.180362495397148,0,0.108965689396841,0.257406105984546,0,0,0,0,0.0907273339544463,0,0.0240361943022639,0.0504020525374204,0.141977129659715,0,0,0.112859347414957,0,0.00240152662215735,0.0308621247305053,0,0,0,0.965,-0.0385728966033653,1.12481070788054
GSM1379936,0.147507569057269,0,0.0730322273048872,0.216294883443614,0,0,0.000541834601492435,0,0.0230565702506051,0,0,0.0750163819339191,0.137029813822827,0.00113432348437709,0.0045383492232299,0.090084602531854,0,0.0330065095850575,0.198756934760867,0,0,0,0.886,-0.0170142849296399,1.09454238656223
GSM1379937,0,0,0.119873006906364,0.123726363498548,0,0.209059225603003,0,0.00429781353029067,0,0,0.0518669046568577,0.120657100029797,0.153946883526725,0.035713547760892,0,0.083279555994881,0,0.0342974496428326,0.0632821488498106,0,0,0,0.884,-0.0166759514928946,1.10257756634869
GSM1379938,0.274598768750757,0,0.0702538403478832,0.0512560063855662,0,0.15460159408234,0,0,0,0,0.0019955252375045,0.0560571405237676,0.00204895153667209,0.110313463957607,0.010293775553176,0.21213663502951,0,0,0.0547863774183091,0,0,0.00165792117690804,0.224,0.0753991443072335,1.07381451011733
GSM1379939,0.135926082100231,0,0.105354743601067,0.028007663506523,0,0.143524922594395,0,0,0.0485488937229028,0,0.0415551963463048,0.0891102070447162,0.200308114516148,0.0408018732449172,0,0.0834795618004475,0,0,0.0833827415223481,0,0,0,0.954,-0.0330370565261747,1.10163644461064
GSM1379940,0.00179464730618268,0,0.107311387202769,0.167350394936526,0,0.15941617640544,0,0.0118204364921738,0,0,0,0.150350055757067,0.128583245912233,0,0,0.19445171799237,0,0.0437040665515378,0.0352178714437009,0,0,0,0.91,-0.0218131051275887,1.10507567598344
GSM1379941,0.229675585302145,0,0.0871382890258931,0.136261499534708,0,0.104732580028585,0,0,0.0399654192938585,0,0,0.0170977233175067,0.0917027815098703,0,0,0.231086784719564,0,0,0.0623393372678688,0,0,0,0.548,0.0274999524290926,1.08685255422802
GSM1379942,0.234896398089551,0,0.0895004417591915,0.143761207453234,0,0.0347655942159013,0,0,0.100885136152045,0,0.058658745959289,0.0413607554140283,0.125973827525,0.00831848532614586,0,0.0992180273365721,0,0,0.0626613807690405,0,0,0,0.916,-0.0233911026179182,1.1168201995595
GSM1379943,0.180576674936618,0,0.0637616253917603,0.151372631721317,0,0,0,0,0.0766525981286386,0,0.00389250269490271,0.0584265704384493,0.203744454681593,0,0,0.158728449904645,0,0,0.102844492102075,0,0,0,0.833,-0.0100431069758823,1.09180800679444
GSM1379944,0.113579413881409,0,0.159438446747082,0.163637059796185,0.057934976878808,0,0,0,0,0,0,0.0839120267761983,0.143059494450727,0,0,0.236674712025645,0,0.00957722023865617,0.0227405801459324,0,0.00944606905935725,0,0.634,0.0168448878399776,1.0909704898656
GSM1379945,0,0,0.125313291961583,0.113439992377115,0,0.161969626946133,0,0.0199181749478824,0,0,0.0342078772233529,0.134360076331546,0.194517236698109,0,0,0.124352605497633,0,0.0284796384827824,0.0634414795338632,0,0,0,0.886,-0.0171537713025162,1.10065585774785
GSM1379946,0.244907049526445,0,0.363670350518317,0.0726981534795836,0,0,0,0,0.0114577475631314,0,0,0.0452440376152142,0.0541918880994925,0,0.0695665808059369,0.0858519491523886,0,0,0.0145857133879282,0.0378265298515625,0,0,0.003,0.255375577234712,1.06085003435946
GSM1379947,0.209823518130489,0,0.0553105587709954,0.187032386536114,0.0235014643686934,0,0,0,0.0666432836284351,0,0,0.0597982857873047,0.121166764121759,0,0,0.17639198975385,0,0.000724960436993848,0.0996067884653653,0,0,0,0.935,-0.0273521467177341,1.10314074900789
GSM1379948,0.152264821244539,0,0.0985539226937483,0.178635496048118,0.00181572886519632,0.000919003747880293,0,0,0,0,0,0.0511875161193346,0.0882699262225191,0.0402700617446954,0.056780390503798,0.128982139237582,0,0,0.202320993572589,0,0,0,0.626,0.0179063063474791,1.07981822510268
GSM1379949,0.00873552916885638,0,0.140382224075716,0.113954696956771,0,0.167691883711346,0,0,0,0,0.00139881806768267,0.141876512596116,0.099105559845475,0,0.0107684391615589,0.196689757705112,0,0,0.114538362306671,0,0.00485821640469387,0,0.703,0.00654728012681077,1.08692710695362
GSM1379950,0.23692150968011,0,0.134460219289387,0.0942604970443401,0,0.0810123167464078,0,0,0,0,0.0346338882592343,0.0367951487991177,0.0637080196236178,0,0.0140630084761775,0.172038346396023,0,0,0.132107045685585,0,0,0,0.0639999999999999,0.134585019199675,1.04751599861489
GSM1379951,0.304930063107226,0,0.0925861695187598,0.124196629855418,0,0.0370995261341619,0,0,0.0420500273499423,0,0,0.0342363395489505,0.144704408194312,0,0.0188186598951607,0.110973259281467,0,0,0.0904049171146026,0,0,0,0.29,0.0629582569278097,1.08779696488706
GSM1379952,0.123880934698532,0,0.0262316048928555,0.111553158017497,0,0.144255008614142,0,0,0.00731601742684536,0,0.0365315760404069,0,0.0951544323767347,0,0.00160127926318885,0.385230360631378,0,0,0.0682456280384195,0,0,0,0.022,0.187776772787405,1.00840048533879
GSM1379953,0.272136855246767,0,0.144417783531434,0.0883205422839623,0,0,0,0,0.0264197006531456,0,0,0.0436701626548345,0.0822858939295473,0,0,0.186227424458887,0,0.00345314455832406,0.153068492683098,0,0,0,0.314,0.059048432273466,1.0930812063357
GSM1379954,0,0,0.0981947035415123,0.0781873777759148,0,0.212346222339711,0,0,0,0,0.0115533192829993,0.127754251948343,0.0744596023780713,0.0274370185010524,0,0.192495827762984,0,0.0100962302916778,0.167475446177734,0,0,0,0.806,-0.00627368193837207,1.08678060216052
GSM1379955,0.0742485341895245,0,0.0396940491290053,0.0487513922293924,0,0.0926245227727314,0,0,0.0893897650153716,0,0.0706224498927396,0.0414152228326204,0.173121872993742,0,0,0.23502273345718,0,0,0.135109457487694,0,0,0,0.953,-0.0328074599305742,1.08754931630133
GSM1379956,0.253747768858108,0,0.08955041576256,0.104827483812549,0,0.0224757614475733,0,0,0.0661832607630172,0,0,0.0904430458607927,0.131940945095291,0,0,0.141412683160144,0,0,0.0994186352399643,0,0,0,0.604,0.0205523857411523,1.09723096420682
GSM1379957,0.229402847735296,0,0.114663391596134,0.133990970758435,0,0.0414426842255198,0,0,0.0614338261709617,0,0,0.0665777118359568,0.0788383982611612,0,0,0.166487308573102,0,0,0.107162860843434,0,0,0,0.625,0.017967374784814,1.09678948603371
GSM1379958,0.150067651032304,0,0.143108806297155,0.153698514665911,0,0.062615997930582,0,0,0,0,0,0.0913141238091475,0.154631144863617,0.0394637574511061,0,0.161843532795267,0,0.00222815232297173,0.0410283188319384,0,0,0,0.73,0.0034117791173802,1.0981207926318
GSM1379959,0.239143665436077,0,0.0534786239271203,0.146277924701573,0,0.0159894056048115,0,0,0.0730409048350118,0,0,0.0398481966096625,0.090090153220415,0,0,0.200340749490487,0,0.010709003646338,0.131081372528504,0,0,0,0.746,0.00112860997743775,1.09153864006302
GSM1379960,0.0930859546107699,0,0.0939154723896185,0.180976198854724,0,0,0,0,0.0604020605447885,0,0.0403937228940469,0.0785368604283353,0.183258557391655,0.0591255439660897,0,0.0706079131540646,0,0,0.139697715765907,0,0,0,0.956,-0.0350266146884932,1.09970690672043
GSM1379963,0.129371378116182,0,0.123673469160583,0.0717363718328426,0.00367338841864787,0.0646772061379429,0,0,0,0,0,0.0717841674974944,0.135289270724861,0,0.0237453976628102,0.315368850274794,0,0,0.0536522923663782,0,0.00702820780746381,0,0.31,0.059893401676714,1.06619506400754
GSM1379964,0.138246386904441,0,0.0974269685958664,0.00183549465067423,0,0.165321079012821,0,0.018669703037418,0,0,0,0.119121960164531,0.107140518877376,0.0330536262723039,0,0.159180427591281,0,0.0228603309488552,0.137143503944433,0,0,0,0.918,-0.023891498377196,1.09192665956881
GSM1379992,0.173642479027778,0,0.068685849483033,0.140156529384296,0,0.170793501634063,0.0357885562255768,0,0,0,0.0793469604591451,0,0.114259832053208,0,0.00294780742081525,0.133077640219792,0,0.0182986823982914,0.0630021616940022,0,0,0,0.142,0.0941911274882784,1.04958329080615
GSM1379993,0.151483079110525,0,0.368936449893926,0.118431514418618,0.00508866765403669,0,0,0,0.0211313900851574,0,0,0.0185068467443562,0.0553881215638838,0,0,0.129126849230673,0,0.00985072162942073,0.122056359669404,0,0,0,0.001,0.333949811097547,0.987080332684014
GSM1379994,0.175056375358654,0,0.335303297142482,0.131116197423677,0,0.0258183938090528,0,0,0.0178364626505894,0,0,0.0651005050190018,0.0649683657775117,0.00852309818547968,0,0.0846568378575889,0,0.00445990015546613,0.0871605666204963,0,0,0,0.051,0.144871625979487,1.09521079119789
GSM1379995,0.210717607405491,0,0.110715565340472,0.0811943057604674,0,0.167773786306811,0,0,0.0608766962100224,0,0.00089823534232992,0.0768373005628702,0.0736212674801295,0.00974839490017529,0.0150239277298242,0.0944441666187452,0,0,0.0981487463426612,0,0,0,0.793,-0.0039431491549488,1.10490611306216
GSM1379996,0.0641011361725213,0,0.207311816066587,0.0479163114932061,0,0.103788597177113,0.0195467793943772,0,0,0,0.0355075668464699,0,0.0790380111373825,0.111767478687315,0.0591323246921048,0.190667511296806,0.0249899945717524,0.0195696350562552,0.0324675132041277,0,0.00419532420398121,0,0.001,0.383348457448742,0.925010133731918
GSM1379997,0.25300467400276,0,0.130495680498898,0.152521610109686,0,0.00966637843151491,0.0111345251227781,0,0.046357027244775,0,0,0.0578376600619094,0.0828508791322919,0,0.00186439310524502,0.12541742423318,0,0,0.128849748056961,0,0,0,0.143,0.0939858783940187,1.07159554826073
GSM1379998,0.0411583102317361,0,0.103194558535427,0.232480563704982,0,0.0732313295949042,0,0,0,0,0.0168746870077509,0.109747741394026,0.137506999298139,0,0.0177103696775003,0.203417023921409,0,0,0.0646784166341252,0,0,0,0.74,0.00214374553164521,1.09136425166126
GSM1379999,0.192655482531684,0,0.0946368431831782,0.101050717548152,0,0.15311372765701,0,0,0,0,0.0670406553292545,0.0597569574209198,0.0772807672587539,0,0.00844883679834798,0.235551179490919,0,0.00517633677921091,3.73788006326153e-05,0,0.00525111720193696,0,0.788,-0.0034753226565269,1.10383334449872
GSM1380000,0.255330599640938,0,0.132846282210288,0.161215872354646,0,0,0.00170139475263543,0,0.0227578480040922,0,0,0.0399137361309247,0.101706247132487,0,0,0.177088950250709,0,0.0144984630621665,0.0929406064611126,0,0,0,0.498,0.0342042245237631,1.09728574531875
GSM1380001,0.148039141237023,0,0.0931905789278725,0.0855038192031204,0,0.23791888634721,0,0.0131669318603194,0,0,0.0192408080532152,0.107501198692145,0.121951438886254,0.0305653784625805,0.012459317762296,0.100407779683027,0,0,0.0289114719053801,0,0.00114324897955634,0,0.76,-0.00119009743765402,1.10007568280163
GSM1380002,0.0528223482452686,0,0.111936938098736,0.154157994236348,0,0.176498450690552,0,0,0,0,0.0273895946797549,0.160680379250147,0.0578446492714984,0.03827296124553,0.00372502929944315,0.107895268479294,0,0,0.103533019379316,0,0,0.00524336712411199,0.761,-0.00139262786149205,1.10774168815404
GSM1380003,0.228515876135023,0,0.166846936877598,0.0806814504964611,0,0.132169912242068,0,0,0,0,0.0511046165196933,0.0514216190040012,0.101484676302083,0.0205053809096052,0,0.0966984233983902,0,0.0262106666101981,0.0443604415048787,0,0,0,0.419,0.0436781501881082,1.09884613090566
GSM1380004,0.211325244164837,0,0.0625867850162632,0.163354647420403,0,0.00186758294242442,0,0,0.0666416546041728,0,0,0.0810256715374732,0.13144573566688,0,0.000885117548553151,0.146392353457212,0,0.0274919955116271,0.106983212130153,0,0,0,0.937,-0.027615414547895,1.1028159499456
GSM1380005,0.182539864514978,0,0.0867695752935415,0.052503522673074,0,0.0978576932899197,0,0,0.0847477594545458,0,0.0674344155719102,0.0363379649741855,0.0554607639801373,0,0.00284297119870769,0.181605340085504,0,0.0482041275238085,0.103696001439688,0,0,0,0.914,-0.0229221241131018,1.09379064447297
GSM1380006,0,0,0.0827122521021433,0.134149995733615,0,0.23708304336536,0,0.0175851818916051,0,0,0.0873215709252577,0.100879800432514,0.0803291626715144,0.0188519517495456,0,0.139632153370959,0,0.0288111174588552,0.0726437702986301,0,0,0,0.966,-0.0387009574449027,1.11694133898696
GSM1380007,0.202119427745659,0,0.0794949883145622,0.106414454299317,0,0.0924000765007875,0,0,0.0331523383591853,0,0,0.0759861942605758,0.13304604703615,0,0,0.233798422807224,0,0,0.0435880506765395,0,0,0,0.946,-0.029349327813191,1.10670312024874
GSM1380009,0.224959750088175,0,0.0823644842076986,0.137681596121009,0.0292658773453528,0,0,0,0.103040405626395,0,0.0565606512818772,0.0430977743228926,0.165994690256666,0.0106469949921942,0,0.0609508188275422,0,0.0287028800672581,0.0567340768629388,0,0,0,0.991,-0.0482879987799458,1.12257639076632
GSM1380016,0.101166127885042,0,0.128443554775096,0.0631842185528767,0,0.179245888510529,0,0.00954092936166842,0.045461121364652,0,0.0539962172897266,0.101898241081877,0.171780094262415,0.0458309929394732,0,0.0807537398992821,0,0,0.0178521775557815,0,0,0.000846696521580314,0.898,-0.0194240092660948,1.10744564356464
GSM1380017,0.0302995771766675,0,0.113637976493857,0.19975662158443,0,0.134354203494654,0,0,0,0,0.0207321104043308,0.0860322642080248,0.0869224425300669,0.0303972842778363,0,0.152195911520579,0,0.0365032822031936,0.10916832610636,0,0,0,0.909,-0.0216316621344039,1.09305277035243
GSM1380018,0.184597299321855,0,0.124813928385767,0.0680479959196933,0,0.0747846146072676,0,0,0,0,0.0181407879727896,0.043345151880177,0.0370730269327866,0.0674496389313089,0.0130345812537384,0.230620699810942,0,0,0.137937550786803,0,0.00015472419687185,0,0.097,0.110056267481746,1.04781116436306
GSM1380019,0.106209037718034,0,0.135122604869112,0.12109696308424,0,0.136501320525424,0,0,0,0,0.0890180614391234,0.0447875810420139,0.0568461633735556,0.00596603293330025,0,0.214885336121089,0,0.0600781888472843,0.0122564667499193,0,0.0172322432969031,0,0.915,-0.0230662140535577,1.10180800631229
GSM1380020,0.177014772396639,0,0.0964683329499752,0.222301018012642,0,0.118213850242766,0,0,0,0,0,0.0686402457291688,0.129973534148816,0.00715074955975059,0.00346700000615739,0.124785932686829,0,0,0.051984564267255,0,0,0,0.744,0.00155684627418584,1.10108455385452
GSM1380022,0.046900948897767,0,0.116455444499405,0.22016362980195,0,0.0934223771102444,0,0,0.00169347806348396,0,0.00401433154064613,0.130983362169976,0.106313271455833,0.0439471251698844,0.0223942170287363,0.106530196104659,0,0,0.107181618157415,0,0,0,0.691,0.00813487990164664,1.09153484360917
GSM1380023,0.117989414162254,0,0.0234842547240493,0.100282384748343,0,0.0630601024122865,0,0,0.0591979622569341,0,0.0446134198385049,0.0107126474573978,0.164143625956173,0,0.046397331701344,0.19598416052921,0,0.110359513735636,0.0637751824778685,0,0,0,0.744,0.00168094906686923,1.07352841439546
GSM1380024,0.16985428271243,0,0.061710871875662,0.195834370077722,0.0161041708308312,0.0250537560442371,0,0,0.0476039664302473,0,0.0130444013048526,0.0596237568468249,0.11857438495623,0,0,0.184189807312182,0,0,0.10840623160878,0,0,0,0.949,-0.0301793741543919,1.09946877921019
GSM1380025,0.0579064481123637,0,0.128105788078859,0.0973006058588185,0,0.196249305495264,0,0,0,0,0.000433832818487822,0.1315763663311,0.0247020892800726,0,0,0.220838611274919,0,0,0.142886952750117,0,0,0,0.666,0.012256653877778,1.08691912269696
GSM1380026,0.190416890836183,0,0.0700752473791999,0.125260064264232,0,0.0482244743029995,0,0,0.0759228332489595,0,0.013892431194557,0.072834695283385,0.145496494092099,0.0390383039365225,0,0.109800247042404,0,0,0.10903831841946,0,0,0,0.955,-0.0334704221760813,1.10261296829406
GSM1380028,0.217043361685021,0,0.294198360172309,0.0971399723719313,0,0.0402583500975751,0,0,0.0351661806462352,0,0,0.0791344512824325,0.098513271635702,0.0098155209955143,0.00337759468603056,0.0701614413024982,0,0,0.055191495124751,0,0,0,0.111,0.104470592366042,1.11273447572186
GSM1380029,0.112348969023955,0,0.0586859668917784,0.120088177555285,0,0,0,0,0.116324087948979,0,0,0.062486885734589,0.181287977624621,0,0.00414592345826482,0.181497947579416,0,0.0206073703841012,0.142526693799011,0,0,0,0.929,-0.0264563522745642,1.08573219649713
GSM1380030,0.00997671015321878,0,0.102185527792086,0.123557804509637,0,0.179954321497146,0,0.0171225959941387,0.0460323699458302,0,0.0583724124349932,0.109234108935255,0.128927265538014,0,0,0.170447682952377,0,0,0.054189200247304,0,0,0,0.886,-0.017211122525752,1.1032914063743
GSM1380031,0.103021483609482,0,0.121822345918105,0.118193867610432,0.0195877448731691,0.0155455407295309,0,0.0473915593073321,0,0,0.0110314978411716,0.177349083307161,0.118951836267305,0.00693617023719036,0,0.210247796155489,0,0,0.0380824141029134,0,0.011838660040719,0,0.894,-0.0185681972178875,1.1132325447118
GSM1380032,0.0407434965916209,0,0.0822750595154698,0.0673939303876832,0,0.149144975169803,0,0,0.0309862765384588,0,0.0346893635692757,0.116724704032504,0.100799020578012,0.0450979946907443,0,0.137838411416853,0,0.0157428575562265,0.178563909953348,0,0,0,0.927,-0.0256550231523771,1.09190635280081
GSM1380033,0.26936010490412,0,0.125415970582838,0.125611128513138,0,0.0558038884524931,0,0,0,0,0,0.0653834761164645,0.0608993201148704,0,0.0105988149823354,0.22507580649205,0,0,0.0487759079941074,0,0.0130755818475825,0,0.238,0.0732655677877211,1.08406563736235
GSM1380034,0.0852033210641912,0,0.0724730652265312,0.106155594659352,0,0.197320198445078,0,0.000503924869823544,0.0282643942089003,0,0.0777115537476856,0.0963934162465677,0.0782211827704871,0,0,0.150255505825928,0,0.0108408954099852,0.0966569475254695,0,0,0,0.952,-0.0316749381575918,1.10731911482863
GSM1380035,0.230693904522777,0,0.0837524163820589,0.112615408349782,0.00674354503019231,0,0,0,0.115344806061282,0,0.0339738718198495,0.0381671738228319,0.122700173100372,0,0,0.171031139017801,0,0,0.0849775618930521,0,0,0,0.959,-0.0364117645464884,1.11243132553075
GSM1380036,0.306499719707691,0,0.113014642297941,0.141965908927836,0,0,0,0,0.0482220350338089,0,0,0.0487677775455726,0.125145783423325,0,0,0.132863544257288,0,0.0109849950600041,0.0725355937465332,0,0,0,0.449,0.0401063003598392,1.10497764290936
GSM1380037,0.181835853888567,0,0.122986608136025,0.0752804887460845,0,0.0617030781301217,0,0,0,0,8.62368305298548e-05,0.0599638485377372,0.154901670993285,0.0583989224823476,0,0.131317443184829,0,0.0162175338984082,0.131259278765677,0,0.00604903640638728,0,0.925,-0.0249401275512197,1.10093045100464
GSM1380038,0,0,0.137420079456374,0.13289266654168,0,0.167691237946652,0,0,0,0,0.0472218134498981,0.094994222525277,0.155935446552343,0,0.0174942100828994,0.204449795157947,0,0,0.0419005282869303,0,0,0,0.953,-0.032406573546662,1.10345786154903
GSM1380039,0.210597031050009,0,0.0724181332928034,0.188853784354099,0.0279750907493668,0,0,0,0.0587826438749447,0,0.0249266466361638,0.0564313288662704,0.11769943639266,0,0,0.111818723411459,0,0.0124597115360343,0.11803746983619,0,0,0,0.928,-0.026061741321603,1.107077734723
GSM1380040,0.227441299630476,0,0.107306723258403,0.0354249286015607,0,0.0909957649906633,0,0,0.0750322206015701,0,0.020013026478318,0.0803181149348716,0.175618958447676,0.0873802910615608,0,0.00965119519955347,0,0,0.0908174767953475,0,0,0,0.914,-0.0229434478387419,1.1129141172052
GSM1380041,0.192352979379715,0,0.0526240261999041,0.0278950463021847,0,0.0602795697261075,0,0,0.0276210856465871,0,0.00846680309298816,0.0355408741444289,0.12042889379897,0.161467907858646,0,0.192222298829542,0,0.00380660601209992,0.050949404309697,0,0,0.0663445046991292,0.041,0.16073479462135,1.02706687518502
GSM1380042,0.149395279639934,0,0.117503523899822,0.107369011883613,0,0.00705496591443193,0,0.00308857892964672,0.0671588219869486,0,0.0254206769961738,0.0881253113415261,0.152136684434782,0,0,0.170864421159381,0,0,0.111882723813741,0,0,0,0.946,-0.0294583360127563,1.10332081231536
GSM1380043,0.197069532767678,0,0.0563341442200538,0.155824596057666,0,0,0,0,0.089041986363021,0,0.0524761827825459,0.00929290899084367,0.18011152396862,0,0,0.159772389138519,0,0.0215218142335612,0.078554921477492,0,0,0,0.983,-0.043312062347944,1.10331884837734
GSM1380044,0,0,0.11716140138117,0.17077491483396,0,0.0889815153621568,0,0,0.0335457411395001,0,0.0387212864571181,0.12092889609428,0.140951176139426,0,0,0.201635084565978,0,0.00211948675602076,0.0851804972703906,0,0,0,0.928,-0.0257724149899238,1.10309553176719
GSM1380045,0.189314253684752,0,0.0772032139124539,0.207193821520222,0.0153461643791103,0,0,0,0.0784789296685975,0,0.0208449027876149,0.0812544521957914,0.119986921726161,0.00371984616756587,0,0.0722721321470788,0,0.00341566506884628,0.130969696741805,0,0,0,0.891,-0.0182013407735787,1.10884292256315
GSM1380046,0,0,0.12561577690434,0.0909677500119017,0,0.191682953607058,0,0,0,0,0.0971124801544038,0.0221997544348837,0.172054055852955,0.0514285269881298,0,0.132116482852413,0,0,0.115234375505867,0,0.00158784368804896,0,0.942,-0.0284268257292443,1.08895358236483
GSM1380047,0.234996304505892,0,0.0767368485967023,0.134236767776191,0.0391025344847684,0,0,0,0.0963654923988642,0,0,0.044967737524689,0.167388423222896,0.00021852579016296,0,0.151349678989888,0,0.00437813317216874,0.0502595535377781,0,0,0,0.942,-0.0286643700894694,1.11215408134644
GSM1380048,0.187223396882669,0,0.0968622490133206,0.120657547140983,0,0.192438865363125,0,0,0,0,0,0.121443552575689,0.125725776430944,0,0,0.0863062332826457,0,0.0125635536975402,0.0399087181626667,0,0.0168701074504175,0,0.53,0.029875573232358,1.09472030380859
GSM1380049,0.228435509657644,0,0.14008153049921,0.214111338049747,0,0.0675979419656573,0.00757869948444361,0,0.0119817188851083,0,0,0.052329286745169,0.142951055734449,0,0,0.0677852438828363,0,0.0245028575334989,0.0426448175622372,0,0,0,0.621,0.0185983410013958,1.11026133886994
GSM1380050,0.00279218889323412,0,0.1608249947649,0.173275352981685,0,0.0768803934825833,0,0,0,0,0,0.113858716414891,0.190519686885267,0.0181969557693338,0,0.138809473702867,0,0,0.12484223710524,0,0,0,0.927,-0.0256707883444487,1.09936908324372
GSM1380051,0.197300464907856,0,0.119650814471702,0.13007237876823,0,0.0816668449952172,0,0,0.0217050747249328,0,0,0.0647381161256701,0.0843833845156004,0,0.000188788080877407,0.176042595497388,0,0.00941442880460297,0.114837109107923,0,0,0,0.176,0.0850338518979816,1.06116269359757
GSM1380052,0,0,0.139780906528369,0.101766682753542,0,0.0795882248393651,0,0,0.0261074762658161,0,0,0.127686084579144,0.11932269449076,0.0598042730677153,0,0.126888477749503,0,0.0429696205907524,0.176085559135033,0,0,0,0.886,-0.0170247989938766,1.08815040297041
GSM1380053,0,0,0.0773327894615384,0.0171623337699609,0,0.205508562086905,0,0,0.065501672103821,0,0.0292503224581705,0.107817887617558,0.156246734494695,0.0250844591360949,0.0203962651811208,0.163388165922944,0,0,0.132310807767191,0,0,0,0.886,-0.017097933590792,1.08456189901345
GSM1380054,0.100089988878527,0,0.0924197970406749,0.165853727069778,0.041552932008333,0.040265386257899,0,0,0.0441180349024559,0,0.0683472599918827,0.0511523691703527,0.139506022359988,0,0.00470893209946441,0.131516278554047,0,0,0.120469271666597,0,0,0,0.952,-0.0312559843538111,1.09783658866398
GSM1380055,0.13110612590337,0,0.0962424972296342,0.135535621967617,0.0119268175818087,0,0,0,0.0871078979061096,0,0.0201055362280818,0.0367950410903718,0.171018024407116,0.00403148530927317,0,0.0660972588934182,0,0.0367568792649213,0.203276814218277,0,0,0,0.898,-0.0193918072459294,1.09081166559506
GSM1380056,0.192029601928318,0,0.221006051727657,0.0520566347873535,0,0.117344024306538,0,0,0,0,0.00258254765993372,0.0637157059048907,0.0815049580232641,0.0387185088038549,0,0.0936689512980198,0,0.017907404175629,0.119465611384541,0,0,0,0.113,0.102997766114899,1.0739289346468
GSM1380057,0.167027416483634,0,0.0722831822722972,0.110062570707515,0.08660903334493,0,0,0,0.103515105719555,0,0.053788847873091,0.0320468521559581,0.15266157714569,0.0106961455825786,0,0.112735348667294,0,0.0128578436619865,0.0857160763854709,0,0,0,0.992,-0.0518330422198318,1.10665419848912
GSM1380058,0.1212889730093,0,0.0954584859645491,0.0846645463696201,0,0.189885067573614,0,0,0,0,0.0539465610803185,0.0875601077982968,0.18544042792088,0.00998222412101582,0.00996521321509321,0.132488438044221,0,0,0.0293199549030923,0,0,0,0.909,-0.0215188628213434,1.10243250532178
GSM1380059,0.195335878991635,0,0.109517930934847,0.0740240804798979,0,0.185001660027657,0,0,0,0,0.0394141179080389,0.069823976374836,0.0976050737158157,0.039723999415347,0,0.087095086848635,0,0.0138789271730847,0.0885792681302058,0,0,0,0.937,-0.0277094665993197,1.10919058955649
GSM1380060,0.0997041101516572,0,0.11864000091562,0.0890022105441033,0,0.143408152795603,0,0.030522704381573,0,0,0.0822417023253135,0.0843171739851914,0.101607981114808,0,0,0.167642291028992,0,0,0.0807959420877266,0,0.00211773066941173,0,0.925,-0.0248743808146907,1.10279511428677
GSM1380061,0.224664801889243,0,0.0612630077828474,0.130427642966383,0,0,0,0,0.0671569256560102,0,0,0.0718055073049465,0.0950161367565077,0.00108177646824531,0,0.115237387175257,0,0,0.186798367277556,0,0,0.0465484467230044,0.861,-0.0136718904640028,1.10115178330872
GSM1380062,0.164447907045614,0,0.106365314018873,0.112871117735376,0,0.0967322153829615,0,0,0.0235637171246183,0,0.0813254094138551,0.0752695644444821,0.157385664199251,0.00848610264318351,0,0.118136131850954,0,0.0378544426851641,0.0175624134556668,0,0,0,0.953,-0.0326617611529217,1.11444124833616
GSM1380063,0.181498220440097,0,0.0630376920428997,0.167857122993598,0,0,0,0,0.0651344874613904,0,0,0.0552769847783405,0.112885886449539,0,0,0.217724242584127,0,0.0288998989920996,0.10768546425791,0,0,0,0.677,0.0107733171589099,1.07941942293902
GSM1380064,0.0536763241342625,0,0.0679444687445634,0.0201566052447496,0,0.220879419752259,0,0,0,0,0.0150265332972163,0.123449390377898,0.159282916398085,0.0930068547674802,0,0.0577122735389459,0,0,0.188865213744541,0,0,0,0.821,-0.00808457485744151,1.0857007237279
GSM1380065,0.22838937479981,0,0.126847421328131,0.134769025939229,0,0.0442570687759258,0,0,0.0515814850537264,0,0,0.0469385309588934,0.153732330717853,0,0,0.0978222052356745,0,0,0.115662557190758,0,0,0,0.574,0.0235017105124917,1.09652888915153
GSM1380066,0.107135887864969,0,0.0626899548735702,0.126236576650029,0,0.115558273488979,0,0,0.0631979940935572,0,0,0.048580938844665,0.165806535762929,0,0.0474490690024651,0.203660936074959,0,0,0.0596838333438778,0,0,0,0.871,-0.0151296361710085,1.08362238620308
GSM1380067,0.168230672165417,0,0.0786021641099404,0.187390357703758,0,0,0,0,0.0477542143337334,0,0.0429840997955133,0.0277903808019092,0.163776367070676,0,0.0117502344553268,0.182638845582634,0,0,0.089082663981091,0,0,0,0.822,-0.00840102278071988,1.0898474850418
GSM1380068,0.268934844021948,0,0.098232083555334,0.113148403129523,0,0.0531367769298728,0,0,0.0436405321211607,0,0,0.051096627020007,0.141485040949629,0.0172906116304738,0.0292052405486469,0.115114249664702,0,0,0.0687155904287028,0,0,0,0.316,0.0588845499940113,1.08210914045333
GSM1380069,0.156954877174882,0,0.0498315191342733,0.0614253710722709,0,0.111057541194603,0.0177470855198306,0,0,0,0.0237670244725764,0,0.16884140443919,0,0.0421618658502559,0.28843274429447,0,0,0.0770399060759434,0,0,0.00274066077170454,0.047,0.151062343310766,1.02105862573698
GSM1380070,0.103821536936992,0,0.0904753042900361,0.114835057874383,0,0.0758854963386498,0,0,0,0,0.025243970230538,0.103254994800983,0.128016416430862,0.0327484934448156,0.0198280252519193,0.144817547262928,0,0,0.161073157137893,0,0,0,0.919,-0.0242199647977307,1.09270534277297
GSM1380071,0.164400780258243,0,0.070842151538066,0.107398985760679,0,0.147277401547657,0,0,0,0,0.040461554699296,0.0660444534552747,0.134263174080206,0.0443050997192545,0,0.108656139092866,0,0.0534853680450271,0.0600580640801116,0,0.00280682772331878,0,0.888,-0.0175170607455495,1.09187287709521
GSM1380072,0.192112344662052,0,0.0454503704637564,0.0835564527067714,0,0.0790262206575043,0,0,0.0490377368246776,0,0.00617594824646783,0.0126659143144573,0.177999280228185,0,0.0692628987329559,0.218070777696373,0,0,0.0591370356588964,0,0,0.00750501980790225,0.087,0.117918022930661,1.03795616731248
GSM1380073,0.237008446554367,0,0.168158420237885,0.132797538774914,0,0.0522241895446642,0,0,0.0448350670548658,0,0,0.0373327260830923,0.142203159700734,0.040862383025462,0.0407082394051646,0.0479892253077811,0,0,0.0558806043110702,0,0,0,0.516,0.0317963681024058,1.10583755239839
GSM1380074,0.205691874426916,0,0.153662560810059,0.136137098047654,0,0,0,0,0.0593398743343332,0,0,0.120348941846069,0.146577381371121,0,0.00314429565538053,0.115448727858826,0,0.00257603934249057,0.0570732063071498,0,0,0,0.91,-0.021785474812526,1.12748431634366
GSM1380075,0.0529022650204586,0,0.0543208362948108,0.114017301028203,0.0174872292333859,0.137007939624296,0,0,0,0,0,0.0741451254901289,0.160004796962871,0,0.0167805117859783,0.188042846391446,0,0,0.185291148168421,0,0,0,0.912,-0.0226854631071835,1.084254799268
GSM1380076,0.174966439124812,0,0.0596340704713025,0.233927504011931,0,0.0124380021889322,0,0,0.120823320392228,0,0,0.129365336919867,0.16880056441752,0.0428903683312562,0,0,0,0.00545716553201834,0.0516972286101336,0,0,0,0.979,-0.0423228680909537,1.13368627557462
GSM1380077,0.129552812201542,0,0.0714788405773823,0.0437710360757279,0,0.0731350324455166,0,0,0.0727250270382985,0,0.0706766654797362,0.0621916514826552,0.141152307580905,0,0.0091985557003894,0.177400260171248,0,0,0.148717811246599,0,0,0,0.945,-0.0288930656792977,1.09107817107187
GSM1380078,0.233391373016699,0,0.0771276777717932,0.158831968468285,0,0,0,0,0.0483164610397065,0,0.000740712622592157,0.078477271849461,0.0859446250165109,0,0,0.156893282050084,0,0.0174255952873435,0.142851032877525,0,0,0,0.752,-2.1079341126368e-05,1.09812009791683
GSM1380079,0.135710287817932,0,0.112761827045859,0.0970991184281119,0.00654402463017742,0.00572800304432711,0,0,0.0652266221477643,0,0.040824637682052,0.0564812522855371,0.231050004932779,0.0537877503021186,0,0.128731937122469,0,0,0.0660545345608723,0,0,0,0.867,-0.0141466719351604,1.0947014723596
GSM1380080,0.101119280242642,0,0.149315566580354,0.0546033577802095,0,0.310185210487822,0,0.023199252824727,0.0198469490230277,0,0.0337971281069972,0.157021521723489,0.0388456852604626,0,0,0.0492992276368746,0,0.0265284720883955,0.0205719262745332,0,0.0156664219704663,0,0.91,-0.0220278577488018,1.13917212468889
GSM1380081,0.211655542028123,0,0.0734445338109316,0.0599182859050145,0,0.194451622592451,0,0,0,0,0.114676005327483,0.0260483163612803,0.123826605306701,0,0.0101412497127487,0.184111666761461,0,0,0.00172617219380585,0,0,0,0.745,0.00129963851334711,1.1007437052397
GSM1380082,0.236267999829774,0,0.166466969714866,0.130545667924466,0.0488891064060316,0,0,0,0.0516747561935637,0,0.00902838541775787,0.0322373594115429,0.102900242949254,0,0,0.164278938853216,0,0.0155122237711189,0.0421983495284092,0,0,0,0.471,0.037531736509832,1.10230717805748
GSM1380083,0.229661527711128,0,0.108823318532258,0.142359280665912,0,0.0203552058588746,0,0,0.0537084849394802,0,0.0142114876471883,0.0617515461671983,0.107991584747832,0,0.0027275230609044,0.151026605428742,0,0,0.107383435240483,0,0,0,0.517,0.0316748382443364,1.08952643011274
GSM1380084,0.15376623560122,0,0.0609451675292043,0.0958410708817355,0,0,0,0,0.0927744100100227,0,0,0.0683055188952141,0.124686892838628,0,0,0.189318899322531,0,0.0202445242023462,0.194117280719098,0,0,0,0.887,-0.017312912589319,1.08730666851447
GSM1380085,0.208470674140208,0,0.0920883544235912,0.151789620982476,0,0.0524161185099215,0,0,0.129237640596643,0,0.0566144675127605,0.0882771634530761,0.125666968114178,0,0,0.069784993742612,0,0.00674124150104844,0.0189127570234857,0,0,0,0.949,-0.0301354187654436,1.13272108467893
GSM1380086,0.240746028512834,0,0.0789037398563494,0.154554711686145,0.007244185127664,0.10016299516375,0.0119193508357789,0,0.0308753688496676,0,0.00613726060809798,0.0347652357485209,0.126490160931379,0,0,0.104775978205442,0,0.00710104843145749,0.0963239360429135,0,0,0,0.639,0.0164586947936452,1.09366835588139
GSM1380087,0.228680634824702,0,0.0636755672496666,0.0809031663914906,0,0.0162479817164888,0,0,0.0687639809555145,0,0,0.0717569766107623,0.15691324131995,0,0,0.195040867958757,0,0,0.118017582972669,0,0,0,0.854,-0.0121878123345676,1.09802463514748
GSM1380088,0.131067042011303,0,0.0667058762611083,0.107476362395017,0,0.196005061505805,0,0,0,0,0.0330914315025723,0.104698139705521,0.030214731168785,0.0440621765110589,0,0.108205090534026,0,0.0263444625052985,0.152129625899505,0,0,0,0.951,-0.0305900472635162,1.1040844848482
GSM1380089,0.222143340897786,0,0.142259363830932,0.216088370758511,0,0.0530683446695182,0,0,0,0,0.0407590735233001,0.0356956177270393,0.0816580960166107,0,0.0246008831068568,0.152029471187934,0,0,0.031697438281512,0,0,0,0.463,0.0389063337549502,1.09959083385802
GSM1380090,0.138006870568898,0,0.155014471418073,0.10818027504057,0,0.181553572983309,0,0.0492537697109217,0.0391524782046573,0,0.0818630792430723,0.0760034073086326,0.0373620507237851,0.0556590353678455,0,0,0,0.0436116923049273,0.0343392971253081,0,0,0,0.934,-0.0271923968800811,1.13344672910278
GSM1380091,0.23025811445087,0,0.090921646835534,0.116588681595294,0.000602044533667441,0,0,0,0.0743357197684221,0,0.00238927212424975,0.0492118562840975,0.14160814494629,0,0.00478930636165131,0.141484979951606,0,0.0247238075224675,0.12308642562585,0,0,0,0.83,-0.00972294691808743,1.09885210666842
GSM1380092,0.193924667075523,0,0.0909753962650697,0.0595828499024749,0,0.111185327883273,0,0,0.0736117404097813,0,0.0471180228377925,0.0827950234033427,0.133722434196482,0.0160322354506648,0.00615759212290789,0.0855721516432274,0,0,0.0993225588094603,0,0,0,0.933,-0.0270439346844181,1.1075483062914
GSM1380093,0.191370059676308,0,0.0807065004187826,0.0673082311288918,0,0.0172045850566797,0,0,0.0197587849345004,0,0,0.0267573319567372,0.218020260373111,0.0080619306370655,0,0.229894204585155,0,0.0181369543716078,0.122781156861161,0,0,0,0.77,-0.00185541855104165,1.09174808700564
GSM1380094,0.180673358079027,0,0.0835995626946445,0.0735207473237084,0,0.206441561793227,0,0,0,0,0.0966462741563125,0.058949182458048,0.186446654745426,0.0073032092108275,0.00660134198969643,0.0870500218613644,0,0,0.0127680856877181,0,0,0,0.844,-0.0112004088645478,1.10927681936889
GSM1380095,0,0,0.0833033009544551,0,0,0.200369716992892,0,0,0,0,0,0.123930600607425,0.20549801524071,0,0.0524143154010152,0.238324054483112,0,0.0431761646082493,0.0517324976013122,0,0.00125133411082874,0,0.255,0.0700661986784693,1.05496948441748
GSM1380096,0.210864677278195,0,0.173249039668941,0.212004325184282,0,0.0995390448829114,0.00839568121323347,0,0.017498626256353,0,0.0432581245925064,0,0.0759595436678835,0,0,0.114115788087867,0,0.0152683264278713,0.0298468227399553,0,0,0,0.038,0.162268229007125,1.04705290384596
GSM1380097,0.237261940931756,0,0.0667748233712885,0.160418360762311,0,0.142983887307521,0,0,0.01178466428023,0,0,0.0703448165605387,0.12387494009836,0.0169553912332414,0,0.0466206263527707,0,0.0224887565767469,0.100491792525236,0,0,0,0.917,-0.0235155355434513,1.11394441938729
GSM1380098,0.198824484840764,0,0.0834724060579861,0.179864440380122,0,0,0,0,0,0,0,0.0427465483092356,0.14378387063069,0.0530703399169706,0.0319884652422897,0.12282331832285,0,0,0.143426126299092,0,0,0,0.705,0.0061733260851215,1.08639528741767
GSM1380099,0.129749746844041,0,0.108429364926189,0.123412209612868,0,0,0,0,0.0316315843365348,0,0.00166009756083934,0.0356068632689937,0.206208491826886,0,0.0141816478269882,0.257209901515869,0,0,0.0919100922807906,0,0,0,0.805,-0.00591036617903587,1.08887139606224
GSM1380100,0.196067903813912,0,0.0845612550524077,0.120914853652835,0,0.0374825662704011,0,0,0.0924332079176936,0,0,0.0595579347615394,0.189283787929393,0.0448870181755783,0,0.0823475179214524,0,0.00198276898571473,0.0904811855190733,0,0,0,0.941,-0.0281560888851259,1.1031114420231
GSM1380101,0.0535124406453741,0,0.129952219678277,0.0942821238106295,0,0.0848196673213887,0,0.0839593002680393,0.0220017093618056,0,0.0497129146166069,0.141778993045791,0.0904936995805848,0.105198753505149,0,0,0,0.0671782246953097,0.0419881500725867,0,0.0351218033984579,0,0.953,-0.0327793820597599,1.11349633321636
GSM1380102,0.136305710746089,0,0.0483892410761523,0.128480801247292,0,0.0460593397289662,0,0,0.0989784225737314,0,0.0577042746169433,0.0529182919451161,0.0972879729779031,0.00338638517136592,0.00353502474579758,0.110940596830558,0,0,0.216013938340085,0,0,0,0.928,-0.0257928316690129,1.09702309977695
GSM1380103,0.226797481454199,0,0.126260251022338,0.094347816139068,0.013203752946223,0.0362015802051689,0,0,0.0218274440683003,0,0,0.0840262740621966,0.155700164763428,0.00356890781244434,0,0.137718608368476,0,0,0.100347719158158,0,0,0,0.696,0.00745280352911803,1.10314718602089
GSM1380104,0,0,0.0784868198128653,0.104637344840086,0,0.299626744384832,0,0,0.0312012983759981,0,0.0233956961887698,0.112302525737838,0.0947685613111906,0.0385471746953694,0,0.0992910375976674,0,0.0255034201380159,0.0922393769173672,0,0,0,0.983,-0.0430826156707783,1.11152813253013
GSM1380105,0.171297345286441,0,0.132338578753975,0.120382334552024,0,0.0502577436403361,0,0,0.0992334161167705,0,0.0247183752554817,0.0665260409811321,0.137867046061838,0,0.0154159673753782,0.127577097993109,0,0,0.0543860539835136,0,0,0,0.955,-0.0337005921650127,1.11365334723082
GSM1380106,0.11683465267916,0,0.0939144821359526,0.12046760215546,0,0.0161203454091554,0,0,0.0659845422337342,0,0.0158922203219988,0.100031448233387,0.0772697956961243,0,0.019025182607853,0.281268145106499,0,0,0.0931915834206758,0,0,0,0.977,-0.0415051116059273,1.10223326960189
GSM1380107,0,0,0.106973287711635,0.0523803085438765,0,0.230730858016515,0,0,0,0,0.0232966174255568,0.128808818919108,0.140807559705527,0,0,0.139247879974917,0,0,0.177754669702864,0,0,0,0.894,-0.0186603222911513,1.09431335233336
GSM1380108,0.0680825110005721,0,0.0900070927532076,0.130543103725641,0,0.167588238486341,0,0,0,0,0.0680228359500745,0.100489658815784,0.221274890497178,0.0356082391233001,0.0173042934492485,0.0178761852510988,0,0,0.0692618118827623,0,0.0139411390647923,0,0.885,-0.0168525566688541,1.10433902193142
GSM1380109,0.137540258750782,0,0.100434827398409,0.0739558195234318,0,0.131215059081571,0,0,0.112825143828427,0,0.0192105322915256,0.119765854330761,0.126641209739454,0.0114141232983877,0,0.0874184128942947,0,0.0218744201794571,0.057704338683499,0,0,0,0.945,-0.0291875827409207,1.10978982294731
GSM1380110,0.160737660557923,0,0.100193978502606,0.151533110970041,0,0.0444784554400387,0,0,0.0468690656677366,0,0.00130978508899881,0.0670054760307447,0.0870049428201254,0,0.00918167218398483,0.187922545167045,0,0.0403169819143468,0.103446325656408,0,0,0,0.955,-0.0336828475170915,1.09827492223318
GSM1380111,0.216852941744456,0,0.0735963938193335,0.14761689893348,0.0268962715360436,0,0,0,0.0362981053684953,0,0.0300238844520518,0.0180246373982002,0.250572843371154,0.0760783180331635,0,0.036922245994886,0,0.0160424273878397,0.071075031960897,0,0,0,0.926,-0.025308339621865,1.10591049048753
GSM1380112,0.158219900895339,0,0.0700019651543826,0.0706434822273054,0,0,0,0,0.0396322195516485,0,0.0547465728469915,0.0250529684280173,0.211316637129602,0.0870861022797296,0,0.154081705136025,0,0.0302707122334081,0.0989477341175523,0,0,0,0.878,-0.016258144797074,1.08788939308056
GSM1380113,0.161691553267035,0,0.0554590092835076,0.0933653726230841,0,0.0588719613661426,0,0,0.0853337847502812,0,0.0385425774015735,0.0543055800734221,0.18477138373574,0.0322131322297073,0.00440744549411237,0.0781927460382023,0,0,0.152845453737192,0,0,0,0.965,-0.0383976577378127,1.09780781807809
GSM1380114,0,0,0.111145908993354,0.162129048353523,0,0.156519112777434,0,0,0,0,0.0404514462742167,0.102491967352739,0.130483075864776,0,0,0.165285319901706,0,0.0126584211204935,0.118835699361757,0,0,0,0.929,-0.0264036982071057,1.09874336794827
GSM1380115,0.24173890016295,0,0.0845721200883771,0.0815199341819398,0.113488982590165,0,0,0,0.0288931411757482,0,0.0653406967876551,0,0.162111455606708,0.049097837610694,0,0.0653957337962771,0,0,0.0762143215201882,0,0,0.0316268764792975,0.886,-0.0172170965636099,1.1070161661712
GSM1380116,0.208524056371523,0,0.11648468478083,0.0752666386801117,0,0.18070327273385,0,0,0,0,0,0.0758278505305701,0.155369052203205,0.0046873585543432,0,0.0926771070090588,0,0.045811200035411,0.0365448835414794,0,0.00810389555961736,0,0.497,0.0342420751903623,1.08687381258753
GSM1380117,0.267059374536546,0,0.137633165064399,0.10417897142402,0,0.0770294772268324,0,0,0,0,0,0.07014166237442,0.101760374016312,0.0292331585648115,0.000458851367121476,0.0820008574178331,0,0,0.130504108007705,0,0,0,0.096,0.110648141234486,1.06817107694585
GSM1380118,0.165578686067312,0,0.0615131554787357,0.142379335285186,0.0318716175041527,0,0.0148341721058005,0,0.0489589726966584,0,0.0325033066713031,0.0413194528020464,0.23822253293107,0.0089624816355686,0,0.133066478556877,0,0.00100533964659149,0.0797844686186982,0,0,0,0.901,-0.019913775940482,1.09433644069317
GSM1380119,0.228919382316209,0,0.0722471255787443,0.167980680467867,0,0.17019676175212,0,0,0.0163997511904851,0,0,0.0396802665695502,0.103976888091142,0.0166054207007992,0.0135279219419625,0.0806627855169957,0,0.0208742230004447,0.0689287928736794,0,0,0,0.799,-0.00518870281518854,1.10380819123283
GSM1380120,0.184771859893849,0,0.0660539917663371,0.240146764265806,0,0,0.00170363336633562,0,0.0946107850021852,0,0.0330163204921662,0.0287656989753149,0.115836154167231,0,0,0.167727789899217,0,0.000341097807376483,0.0599188764200969,0,0,0.00710702794408441,0.932,-0.0269078838823999,1.10582361274377
GSM1380121,0,0.0254190509997364,0.0669477093685642,0,0,0.28090201281407,0,0,0.0314356379635102,0,0.0269347188311499,0.0983615481884936,0.231488484338467,0.0599634361600072,0,0.0348722288876186,0,0.00996380462214208,0.121167332130673,0,0,0.012544035695567,0.902,-0.0200415262943703,1.08955012534887
